,Okres,Počet obyvateľov dorast,Počet obyvateľov dospelí,Počet všetkých obyvateľov,Percento dorast,Percento dospelí,Odbor péče,Počet poskytovateľov
0,Benešov,16757,57623,99742,16.800344889815726,57.77205189388622,zubní lékařství,79
1,Benešov,16757,57623,99742,16.800344889815726,57.77205189388622,všeobecné praktické lékařství,62
2,Benešov,16757,57623,99742,16.800344889815726,57.77205189388622,kardiologie,6
3,Benešov,16757,57623,99742,16.800344889815726,57.77205189388622,ortopedie a traumatologie pohybového ústrojí,10
4,Benešov,16757,57623,99742,16.800344889815726,57.77205189388622,Optometrista,2
5,Benešov,16757,57623,99742,16.800344889815726,57.77205189388622,praktické lékařství pro děti a dorost,30
6,Benešov,16757,57623,99742,16.800344889815726,57.77205189388622,chirurgie,11
7,Benešov,16757,57623,99742,16.800344889815726,57.77205189388622,dětské lékařství,2
8,Beroun,17267,56857,96403,17.911268321525263,58.978455027333176,všeobecné praktické lékařství,53
9,Beroun,17267,56857,96403,17.911268321525263,58.978455027333176,zubní lékařství,69
10,Beroun,17267,56857,96403,17.911268321525263,58.978455027333176,chirurgie,17
11,Beroun,17267,56857,96403,17.911268321525263,58.978455027333176,ortopedie a traumatologie pohybového ústrojí,12
12,Beroun,17267,56857,96403,17.911268321525263,58.978455027333176,kardiologie,10
13,Beroun,17267,56857,96403,17.911268321525263,58.978455027333176,Optometrista,7
14,Beroun,17267,56857,96403,17.911268321525263,58.978455027333176,praktické lékařství pro děti a dorost,22
15,Beroun,17267,56857,96403,17.911268321525263,58.978455027333176,dětské lékařství,5
16,Blansko,18098,63401,109104,16.58784279219827,58.11061006012612,všeobecné praktické lékařství,73
17,Blansko,18098,63401,109104,16.58784279219827,58.11061006012612,praktické lékařství pro děti a dorost,22
18,Blansko,18098,63401,109104,16.58784279219827,58.11061006012612,Optometrista,9
19,Blansko,18098,63401,109104,16.58784279219827,58.11061006012612,zubní lékařství,54
20,Blansko,18098,63401,109104,16.58784279219827,58.11061006012612,chirurgie,9
21,Blansko,18098,63401,109104,16.58784279219827,58.11061006012612,kardiologie,5
22,Blansko,18098,63401,109104,16.58784279219827,58.11061006012612,dětské lékařství,10
23,Blansko,18098,63401,109104,16.58784279219827,58.11061006012612,ortopedie a traumatologie pohybového ústrojí,18
24,Brno-město,59790,227290,382405,15.63525581516978,59.436984349054015,všeobecné praktické lékařství,302
25,Brno-město,59790,227290,382405,15.63525581516978,59.436984349054015,zubní lékařství,334
26,Brno-město,59790,227290,382405,15.63525581516978,59.436984349054015,Optometrista,57
27,Brno-město,59790,227290,382405,15.63525581516978,59.436984349054015,kardiologie,49
28,Brno-město,59790,227290,382405,15.63525581516978,59.436984349054015,praktické lékařství pro děti a dorost,90
29,Brno-město,59790,227290,382405,15.63525581516978,59.436984349054015,ortopedie a traumatologie pohybového ústrojí,80
30,Brno-město,59790,227290,382405,15.63525581516978,59.436984349054015,chirurgie,100
31,Brno-město,59790,227290,382405,15.63525581516978,59.436984349054015,dětské lékařství,5
32,Brno-venkov,41455,132311,226442,18.307116171028344,58.43041485236837,praktické lékařství pro děti a dorost,44
33,Brno-venkov,41455,132311,226442,18.307116171028344,58.43041485236837,Optometrista,20
34,Brno-venkov,41455,132311,226442,18.307116171028344,58.43041485236837,zubní lékařství,67
35,Brno-venkov,41455,132311,226442,18.307116171028344,58.43041485236837,všeobecné praktické lékařství,132
36,Brno-venkov,41455,132311,226442,18.307116171028344,58.43041485236837,kardiologie,8
37,Brno-venkov,41455,132311,226442,18.307116171028344,58.43041485236837,ortopedie a traumatologie pohybového ústrojí,13
38,Brno-venkov,41455,132311,226442,18.307116171028344,58.43041485236837,chirurgie,13
39,Bruntál,13292,53498,90971,14.611249738927789,58.80775192094184,zubní lékařství,43
40,Bruntál,13292,53498,90971,14.611249738927789,58.80775192094184,ortopedie a traumatologie pohybového ústrojí,18
41,Bruntál,13292,53498,90971,14.611249738927789,58.80775192094184,všeobecné praktické lékařství,50
42,Bruntál,13292,53498,90971,14.611249738927789,58.80775192094184,kardiologie,7
43,Bruntál,13292,53498,90971,14.611249738927789,58.80775192094184,Optometrista,6
44,Bruntál,13292,53498,90971,14.611249738927789,58.80775192094184,praktické lékařství pro děti a dorost,23
45,Bruntál,13292,53498,90971,14.611249738927789,58.80775192094184,chirurgie,14
46,Bruntál,13292,53498,90971,14.611249738927789,58.80775192094184,dětské lékařství,4
47,Břeclav,17930,69716,116482,15.392936247660582,59.85130749815421,zubní lékařství,50
48,Břeclav,17930,69716,116482,15.392936247660582,59.85130749815421,praktické lékařství pro děti a dorost,26
49,Břeclav,17930,69716,116482,15.392936247660582,59.85130749815421,všeobecné praktické lékařství,108
50,Břeclav,17930,69716,116482,15.392936247660582,59.85130749815421,kardiologie,7
51,Břeclav,17930,69716,116482,15.392936247660582,59.85130749815421,ortopedie a traumatologie pohybového ústrojí,11
52,Břeclav,17930,69716,116482,15.392936247660582,59.85130749815421,Optometrista,9
53,Břeclav,17930,69716,116482,15.392936247660582,59.85130749815421,chirurgie,13
54,Břeclav,17930,69716,116482,15.392936247660582,59.85130749815421,dětské lékařství,3
55,Cheb,14089,54147,91434,15.408928844849838,59.21976507644858,Optometrista,7
56,Cheb,14089,54147,91434,15.408928844849838,59.21976507644858,všeobecné praktické lékařství,52
57,Cheb,14089,54147,91434,15.408928844849838,59.21976507644858,praktické lékařství pro děti a dorost,20
58,Cheb,14089,54147,91434,15.408928844849838,59.21976507644858,zubní lékařství,43
59,Cheb,14089,54147,91434,15.408928844849838,59.21976507644858,dětské lékařství,13
60,Cheb,14089,54147,91434,15.408928844849838,59.21976507644858,ortopedie a traumatologie pohybového ústrojí,9
61,Cheb,14089,54147,91434,15.408928844849838,59.21976507644858,chirurgie,14
62,Cheb,14089,54147,91434,15.408928844849838,59.21976507644858,kardiologie,8
63,Chomutov,19703,75588,124600,15.813001605136437,60.6645264847512,ortopedie a traumatologie pohybového ústrojí,29
64,Chomutov,19703,75588,124600,15.813001605136437,60.6645264847512,Optometrista,8
65,Chomutov,19703,75588,124600,15.813001605136437,60.6645264847512,zubní lékařství,53
66,Chomutov,19703,75588,124600,15.813001605136437,60.6645264847512,všeobecné praktické lékařství,72
67,Chomutov,19703,75588,124600,15.813001605136437,60.6645264847512,chirurgie,17
68,Chomutov,19703,75588,124600,15.813001605136437,60.6645264847512,praktické lékařství pro děti a dorost,31
69,Chomutov,19703,75588,124600,15.813001605136437,60.6645264847512,dětské lékařství,10
70,Chomutov,19703,75588,124600,15.813001605136437,60.6645264847512,kardiologie,4
71,Chrudim,16512,61155,104708,15.769568705352027,58.405279443786526,chirurgie,20
72,Chrudim,16512,61155,104708,15.769568705352027,58.405279443786526,praktické lékařství pro děti a dorost,25
73,Chrudim,16512,61155,104708,15.769568705352027,58.405279443786526,všeobecné praktické lékařství,61
74,Chrudim,16512,61155,104708,15.769568705352027,58.405279443786526,zubní lékařství,48
75,Chrudim,16512,61155,104708,15.769568705352027,58.405279443786526,ortopedie a traumatologie pohybového ústrojí,10
76,Chrudim,16512,61155,104708,15.769568705352027,58.405279443786526,Optometrista,4
77,Chrudim,16512,61155,104708,15.769568705352027,58.405279443786526,kardiologie,5
78,Chrudim,16512,61155,104708,15.769568705352027,58.405279443786526,dětské lékařství,3
79,Domažlice,9887,36421,61784,16.002524925547068,58.94891881393241,zubní lékařství,26
80,Domažlice,9887,36421,61784,16.002524925547068,58.94891881393241,všeobecné praktické lékařství,32
81,Domažlice,9887,36421,61784,16.002524925547068,58.94891881393241,praktické lékařství pro děti a dorost,12
82,Domažlice,9887,36421,61784,16.002524925547068,58.94891881393241,chirurgie,7
83,Domažlice,9887,36421,61784,16.002524925547068,58.94891881393241,ortopedie a traumatologie pohybového ústrojí,5
84,Domažlice,9887,36421,61784,16.002524925547068,58.94891881393241,Optometrista,2
85,Domažlice,9887,36421,61784,16.002524925547068,58.94891881393241,kardiologie,2
86,Domažlice,9887,36421,61784,16.002524925547068,58.94891881393241,dětské lékařství,2
87,Děčín,20711,73612,128449,16.12390910010977,57.30834806031966,praktické lékařství pro děti a dorost,28
88,Děčín,20711,73612,128449,16.12390910010977,57.30834806031966,ortopedie a traumatologie pohybového ústrojí,16
89,Děčín,20711,73612,128449,16.12390910010977,57.30834806031966,chirurgie,18
90,Děčín,20711,73612,128449,16.12390910010977,57.30834806031966,kardiologie,8
91,Děčín,20711,73612,128449,16.12390910010977,57.30834806031966,dětské lékařství,4
92,Děčín,20711,73612,128449,16.12390910010977,57.30834806031966,všeobecné praktické lékařství,70
93,Děčín,20711,73612,128449,16.12390910010977,57.30834806031966,zubní lékařství,53
94,Děčín,20711,73612,128449,16.12390910010977,57.30834806031966,Optometrista,8
95,Frýdek-Místek,34311,127649,214587,15.989319017461447,59.48589616332769,všeobecné praktické lékařství,119
96,Frýdek-Místek,34311,127649,214587,15.989319017461447,59.48589616332769,zubní lékařství,105
97,Frýdek-Místek,34311,127649,214587,15.989319017461447,59.48589616332769,Optometrista,14
98,Frýdek-Místek,34311,127649,214587,15.989319017461447,59.48589616332769,praktické lékařství pro děti a dorost,50
99,Frýdek-Místek,34311,127649,214587,15.989319017461447,59.48589616332769,ortopedie a traumatologie pohybového ústrojí,25
100,Frýdek-Místek,34311,127649,214587,15.989319017461447,59.48589616332769,kardiologie,12
101,Frýdek-Místek,34311,127649,214587,15.989319017461447,59.48589616332769,chirurgie,20
102,Frýdek-Místek,34311,127649,214587,15.989319017461447,59.48589616332769,dětské lékařství,9
103,Havlíčkův Brod,14938,54989,94612,15.788694880142055,58.12053439310024,praktické lékařství pro děti a dorost,35
104,Havlíčkův Brod,14938,54989,94612,15.788694880142055,58.12053439310024,zubní lékařství,54
105,Havlíčkův Brod,14938,54989,94612,15.788694880142055,58.12053439310024,všeobecné praktické lékařství,126
106,Havlíčkův Brod,14938,54989,94612,15.788694880142055,58.12053439310024,ortopedie a traumatologie pohybového ústrojí,14
107,Havlíčkův Brod,14938,54989,94612,15.788694880142055,58.12053439310024,Optometrista,4
108,Havlíčkův Brod,14938,54989,94612,15.788694880142055,58.12053439310024,chirurgie,10
109,Havlíčkův Brod,14938,54989,94612,15.788694880142055,58.12053439310024,kardiologie,3
110,Havlíčkův Brod,14938,54989,94612,15.788694880142055,58.12053439310024,dětské lékařství,9
111,Hlavní město Praha,212824,816921,1335084,15.94086963816509,61.1887341920059,všeobecné praktické lékařství,806
112,Hlavní město Praha,212824,816921,1335084,15.94086963816509,61.1887341920059,ortopedie a traumatologie pohybového ústrojí,330
113,Hlavní město Praha,212824,816921,1335084,15.94086963816509,61.1887341920059,Optometrista,126
114,Hlavní město Praha,212824,816921,1335084,15.94086963816509,61.1887341920059,kardiologie,196
115,Hlavní město Praha,212824,816921,1335084,15.94086963816509,61.1887341920059,zubní lékařství,1188
116,Hlavní město Praha,212824,816921,1335084,15.94086963816509,61.1887341920059,praktické lékařství pro děti a dorost,272
117,Hlavní město Praha,212824,816921,1335084,15.94086963816509,61.1887341920059,chirurgie,268
118,Hlavní město Praha,212824,816921,1335084,15.94086963816509,61.1887341920059,dětské lékařství,40
119,Hodonín,22176,91977,153607,14.436842070999367,59.87813055394611,všeobecné praktické lékařství,119
120,Hodonín,22176,91977,153607,14.436842070999367,59.87813055394611,zubní lékařství,90
121,Hodonín,22176,91977,153607,14.436842070999367,59.87813055394611,chirurgie,15
122,Hodonín,22176,91977,153607,14.436842070999367,59.87813055394611,ortopedie a traumatologie pohybového ústrojí,15
123,Hodonín,22176,91977,153607,14.436842070999367,59.87813055394611,praktické lékařství pro děti a dorost,50
124,Hodonín,22176,91977,153607,14.436842070999367,59.87813055394611,Optometrista,8
125,Hodonín,22176,91977,153607,14.436842070999367,59.87813055394611,kardiologie,6
126,Hodonín,22176,91977,153607,14.436842070999367,59.87813055394611,dětské lékařství,11
127,Hradec Králové,26050,94462,164435,15.842126068051204,57.44640739501931,všeobecné praktické lékařství,96
128,Hradec Králové,26050,94462,164435,15.842126068051204,57.44640739501931,zubní lékařství,118
129,Hradec Králové,26050,94462,164435,15.842126068051204,57.44640739501931,chirurgie,24
130,Hradec Králové,26050,94462,164435,15.842126068051204,57.44640739501931,kardiologie,12
131,Hradec Králové,26050,94462,164435,15.842126068051204,57.44640739501931,praktické lékařství pro děti a dorost,35
132,Hradec Králové,26050,94462,164435,15.842126068051204,57.44640739501931,ortopedie a traumatologie pohybového ústrojí,31
133,Hradec Králové,26050,94462,164435,15.842126068051204,57.44640739501931,Optometrista,16
134,Hradec Králové,26050,94462,164435,15.842126068051204,57.44640739501931,dětské lékařství,3
135,Jablonec nad Nisou,14851,51925,90198,16.464888356726313,57.5677952947959,zubní lékařství,49
136,Jablonec nad Nisou,14851,51925,90198,16.464888356726313,57.5677952947959,všeobecné praktické lékařství,53
137,Jablonec nad Nisou,14851,51925,90198,16.464888356726313,57.5677952947959,kardiologie,4
138,Jablonec nad Nisou,14851,51925,90198,16.464888356726313,57.5677952947959,chirurgie,16
139,Jablonec nad Nisou,14851,51925,90198,16.464888356726313,57.5677952947959,Optometrista,7
140,Jablonec nad Nisou,14851,51925,90198,16.464888356726313,57.5677952947959,ortopedie a traumatologie pohybového ústrojí,8
141,Jablonec nad Nisou,14851,51925,90198,16.464888356726313,57.5677952947959,praktické lékařství pro děti a dorost,21
142,Jablonec nad Nisou,14851,51925,90198,16.464888356726313,57.5677952947959,dětské lékařství,4
143,Jeseník,5327,22070,37709,14.126601076666049,58.52714206157681,zubní lékařství,24
144,Jeseník,5327,22070,37709,14.126601076666049,58.52714206157681,Optometrista,2
145,Jeseník,5327,22070,37709,14.126601076666049,58.52714206157681,všeobecné praktické lékařství,22
146,Jeseník,5327,22070,37709,14.126601076666049,58.52714206157681,praktické lékařství pro děti a dorost,12
147,Jeseník,5327,22070,37709,14.126601076666049,58.52714206157681,ortopedie a traumatologie pohybového ústrojí,5
148,Jeseník,5327,22070,37709,14.126601076666049,58.52714206157681,chirurgie,3
149,Jeseník,5327,22070,37709,14.126601076666049,58.52714206157681,dětské lékařství,3
150,Jeseník,5327,22070,37709,14.126601076666049,58.52714206157681,kardiologie,1
151,Jihlava,18551,67173,113664,16.320910754504506,59.09786739864865,chirurgie,20
152,Jihlava,18551,67173,113664,16.320910754504506,59.09786739864865,všeobecné praktické lékařství,159
153,Jihlava,18551,67173,113664,16.320910754504506,59.09786739864865,zubní lékařství,60
154,Jihlava,18551,67173,113664,16.320910754504506,59.09786739864865,kardiologie,9
155,Jihlava,18551,67173,113664,16.320910754504506,59.09786739864865,ortopedie a traumatologie pohybového ústrojí,15
156,Jihlava,18551,67173,113664,16.320910754504506,59.09786739864865,praktické lékařství pro děti a dorost,63
157,Jihlava,18551,67173,113664,16.320910754504506,59.09786739864865,Optometrista,7
158,Jihlava,18551,67173,113664,16.320910754504506,59.09786739864865,dětské lékařství,4
159,Jindřichův Hradec,13625,52346,90279,15.092103368446704,57.98247654493293,všeobecné praktické lékařství,51
160,Jindřichův Hradec,13625,52346,90279,15.092103368446704,57.98247654493293,zubní lékařství,84
161,Jindřichův Hradec,13625,52346,90279,15.092103368446704,57.98247654493293,ortopedie a traumatologie pohybového ústrojí,7
162,Jindřichův Hradec,13625,52346,90279,15.092103368446704,57.98247654493293,Optometrista,8
163,Jindřichův Hradec,13625,52346,90279,15.092103368446704,57.98247654493293,praktické lékařství pro děti a dorost,26
164,Jindřichův Hradec,13625,52346,90279,15.092103368446704,57.98247654493293,chirurgie,15
165,Jindřichův Hradec,13625,52346,90279,15.092103368446704,57.98247654493293,kardiologie,4
166,Jindřichův Hradec,13625,52346,90279,15.092103368446704,57.98247654493293,dětské lékařství,5
167,Jičín,12496,46575,80134,15.593880250580277,58.121396660593504,všeobecné praktické lékařství,52
168,Jičín,12496,46575,80134,15.593880250580277,58.121396660593504,zubní lékařství,39
169,Jičín,12496,46575,80134,15.593880250580277,58.121396660593504,praktické lékařství pro děti a dorost,17
170,Jičín,12496,46575,80134,15.593880250580277,58.121396660593504,Optometrista,7
171,Jičín,12496,46575,80134,15.593880250580277,58.121396660593504,chirurgie,9
172,Jičín,12496,46575,80134,15.593880250580277,58.121396660593504,kardiologie,6
173,Jičín,12496,46575,80134,15.593880250580277,58.121396660593504,ortopedie a traumatologie pohybového ústrojí,11
174,Jičín,12496,46575,80134,15.593880250580277,58.121396660593504,dětské lékařství,2
175,Karlovy Vary,16668,67686,114374,14.573242170423347,59.179533810131666,dětské lékařství,12
176,Karlovy Vary,16668,67686,114374,14.573242170423347,59.179533810131666,všeobecné praktické lékařství,65
177,Karlovy Vary,16668,67686,114374,14.573242170423347,59.179533810131666,ortopedie a traumatologie pohybového ústrojí,32
178,Karlovy Vary,16668,67686,114374,14.573242170423347,59.179533810131666,zubní lékařství,65
179,Karlovy Vary,16668,67686,114374,14.573242170423347,59.179533810131666,praktické lékařství pro děti a dorost,23
180,Karlovy Vary,16668,67686,114374,14.573242170423347,59.179533810131666,Optometrista,9
181,Karlovy Vary,16668,67686,114374,14.573242170423347,59.179533810131666,kardiologie,13
182,Karlovy Vary,16668,67686,114374,14.573242170423347,59.179533810131666,chirurgie,21
183,Karviná,35473,145555,242779,14.611230790142477,59.953702750237866,Optometrista,17
184,Karviná,35473,145555,242779,14.611230790142477,59.953702750237866,zubní lékařství,115
185,Karviná,35473,145555,242779,14.611230790142477,59.953702750237866,praktické lékařství pro děti a dorost,48
186,Karviná,35473,145555,242779,14.611230790142477,59.953702750237866,kardiologie,22
187,Karviná,35473,145555,242779,14.611230790142477,59.953702750237866,všeobecné praktické lékařství,124
188,Karviná,35473,145555,242779,14.611230790142477,59.953702750237866,ortopedie a traumatologie pohybového ústrojí,32
189,Karviná,35473,145555,242779,14.611230790142477,59.953702750237866,chirurgie,32
190,Karviná,35473,145555,242779,14.611230790142477,59.953702750237866,dětské lékařství,7
191,Kladno,28172,98418,166845,16.885132907788666,58.98768317899847,praktické lékařství pro děti a dorost,31
192,Kladno,28172,98418,166845,16.885132907788666,58.98768317899847,všeobecné praktické lékařství,86
193,Kladno,28172,98418,166845,16.885132907788666,58.98768317899847,zubní lékařství,113
194,Kladno,28172,98418,166845,16.885132907788666,58.98768317899847,Optometrista,12
195,Kladno,28172,98418,166845,16.885132907788666,58.98768317899847,chirurgie,18
196,Kladno,28172,98418,166845,16.885132907788666,58.98768317899847,ortopedie a traumatologie pohybového ústrojí,43
197,Kladno,28172,98418,166845,16.885132907788666,58.98768317899847,kardiologie,9
198,Kladno,28172,98418,166845,16.885132907788666,58.98768317899847,dětské lékařství,6
199,Klatovy,12745,50096,86253,14.776297636024255,58.080298656278615,ortopedie a traumatologie pohybového ústrojí,9
200,Klatovy,12745,50096,86253,14.776297636024255,58.080298656278615,všeobecné praktické lékařství,52
201,Klatovy,12745,50096,86253,14.776297636024255,58.080298656278615,zubní lékařství,41
202,Klatovy,12745,50096,86253,14.776297636024255,58.080298656278615,praktické lékařství pro děti a dorost,19
203,Klatovy,12745,50096,86253,14.776297636024255,58.080298656278615,chirurgie,9
204,Klatovy,12745,50096,86253,14.776297636024255,58.080298656278615,dětské lékařství,3
205,Klatovy,12745,50096,86253,14.776297636024255,58.080298656278615,Optometrista,3
206,Klatovy,12745,50096,86253,14.776297636024255,58.080298656278615,kardiologie,3
207,Kolín,17816,60756,103773,17.16824222100161,58.54702090139053,zubní lékařství,67
208,Kolín,17816,60756,103773,17.16824222100161,58.54702090139053,všeobecné praktické lékařství,53
209,Kolín,17816,60756,103773,17.16824222100161,58.54702090139053,Optometrista,7
210,Kolín,17816,60756,103773,17.16824222100161,58.54702090139053,praktické lékařství pro děti a dorost,27
211,Kolín,17816,60756,103773,17.16824222100161,58.54702090139053,ortopedie a traumatologie pohybového ústrojí,7
212,Kolín,17816,60756,103773,17.16824222100161,58.54702090139053,chirurgie,13
213,Kolín,17816,60756,103773,17.16824222100161,58.54702090139053,dětské lékařství,5
214,Kolín,17816,60756,103773,17.16824222100161,58.54702090139053,kardiologie,5
215,Kroměříž,15985,61478,104826,15.24907942685975,58.64766374754355,Optometrista,6
216,Kroměříž,15985,61478,104826,15.24907942685975,58.64766374754355,zubní lékařství,55
217,Kroměříž,15985,61478,104826,15.24907942685975,58.64766374754355,kardiologie,7
218,Kroměříž,15985,61478,104826,15.24907942685975,58.64766374754355,všeobecné praktické lékařství,74
219,Kroměříž,15985,61478,104826,15.24907942685975,58.64766374754355,ortopedie a traumatologie pohybového ústrojí,15
220,Kroměříž,15985,61478,104826,15.24907942685975,58.64766374754355,chirurgie,8
221,Kroměříž,15985,61478,104826,15.24907942685975,58.64766374754355,praktické lékařství pro děti a dorost,23
222,Kroměříž,15985,61478,104826,15.24907942685975,58.64766374754355,dětské lékařství,20
223,Kutná Hora,11883,44864,76310,15.572008911020834,58.79177041016904,zubní lékařství,54
224,Kutná Hora,11883,44864,76310,15.572008911020834,58.79177041016904,všeobecné praktické lékařství,55
225,Kutná Hora,11883,44864,76310,15.572008911020834,58.79177041016904,praktické lékařství pro děti a dorost,20
226,Kutná Hora,11883,44864,76310,15.572008911020834,58.79177041016904,ortopedie a traumatologie pohybového ústrojí,9
227,Kutná Hora,11883,44864,76310,15.572008911020834,58.79177041016904,Optometrista,1
228,Kutná Hora,11883,44864,76310,15.572008911020834,58.79177041016904,chirurgie,8
229,Kutná Hora,11883,44864,76310,15.572008911020834,58.79177041016904,kardiologie,4
230,Kutná Hora,11883,44864,76310,15.572008911020834,58.79177041016904,dětské lékařství,2
231,Liberec,29576,102375,175465,16.855783204627702,58.34496908215313,všeobecné praktické lékařství,108
232,Liberec,29576,102375,175465,16.855783204627702,58.34496908215313,chirurgie,14
233,Liberec,29576,102375,175465,16.855783204627702,58.34496908215313,zubní lékařství,106
234,Liberec,29576,102375,175465,16.855783204627702,58.34496908215313,praktické lékařství pro děti a dorost,35
235,Liberec,29576,102375,175465,16.855783204627702,58.34496908215313,Optometrista,13
236,Liberec,29576,102375,175465,16.855783204627702,58.34496908215313,ortopedie a traumatologie pohybového ústrojí,16
237,Liberec,29576,102375,175465,16.855783204627702,58.34496908215313,kardiologie,9
238,Liberec,29576,102375,175465,16.855783204627702,58.34496908215313,dětské lékařství,3
239,Litoměřice,19440,69588,119177,16.311872257230842,58.39046124671706,Optometrista,10
240,Litoměřice,19440,69588,119177,16.311872257230842,58.39046124671706,zubní lékařství,48
241,Litoměřice,19440,69588,119177,16.311872257230842,58.39046124671706,všeobecné praktické lékařství,67
242,Litoměřice,19440,69588,119177,16.311872257230842,58.39046124671706,dětské lékařství,7
243,Litoměřice,19440,69588,119177,16.311872257230842,58.39046124671706,chirurgie,18
244,Litoměřice,19440,69588,119177,16.311872257230842,58.39046124671706,kardiologie,3
245,Litoměřice,19440,69588,119177,16.311872257230842,58.39046124671706,ortopedie a traumatologie pohybového ústrojí,24
246,Litoměřice,19440,69588,119177,16.311872257230842,58.39046124671706,praktické lékařství pro děti a dorost,31
247,Louny,13977,50984,86364,16.183826594414338,59.03385669955073,ortopedie a traumatologie pohybového ústrojí,14
248,Louny,13977,50984,86364,16.183826594414338,59.03385669955073,zubní lékařství,38
249,Louny,13977,50984,86364,16.183826594414338,59.03385669955073,všeobecné praktické lékařství,49
250,Louny,13977,50984,86364,16.183826594414338,59.03385669955073,praktické lékařství pro děti a dorost,25
251,Louny,13977,50984,86364,16.183826594414338,59.03385669955073,kardiologie,3
252,Louny,13977,50984,86364,16.183826594414338,59.03385669955073,Optometrista,10
253,Louny,13977,50984,86364,16.183826594414338,59.03385669955073,chirurgie,14
254,Louny,13977,50984,86364,16.183826594414338,59.03385669955073,dětské lékařství,6
255,Mladá Boleslav,21681,79198,131042,16.545077150837137,60.437111765693444,všeobecné praktické lékařství,71
256,Mladá Boleslav,21681,79198,131042,16.545077150837137,60.437111765693444,zubní lékařství,109
257,Mladá Boleslav,21681,79198,131042,16.545077150837137,60.437111765693444,kardiologie,9
258,Mladá Boleslav,21681,79198,131042,16.545077150837137,60.437111765693444,chirurgie,20
259,Mladá Boleslav,21681,79198,131042,16.545077150837137,60.437111765693444,praktické lékařství pro děti a dorost,27
260,Mladá Boleslav,21681,79198,131042,16.545077150837137,60.437111765693444,ortopedie a traumatologie pohybového ústrojí,27
261,Mladá Boleslav,21681,79198,131042,16.545077150837137,60.437111765693444,Optometrista,7
262,Mladá Boleslav,21681,79198,131042,16.545077150837137,60.437111765693444,dětské lékařství,4
263,Most,17524,66340,110933,15.796922466714141,59.8018623854038,Optometrista,13
264,Most,17524,66340,110933,15.796922466714141,59.8018623854038,chirurgie,8
265,Most,17524,66340,110933,15.796922466714141,59.8018623854038,zubní lékařství,48
266,Most,17524,66340,110933,15.796922466714141,59.8018623854038,všeobecné praktické lékařství,56
267,Most,17524,66340,110933,15.796922466714141,59.8018623854038,praktické lékařství pro děti a dorost,33
268,Most,17524,66340,110933,15.796922466714141,59.8018623854038,ortopedie a traumatologie pohybového ústrojí,11
269,Most,17524,66340,110933,15.796922466714141,59.8018623854038,kardiologie,3
270,Most,17524,66340,110933,15.796922466714141,59.8018623854038,dětské lékařství,3
271,Mělník,18851,65185,109987,17.1392982807059,59.266095083964466,Optometrista,8
272,Mělník,18851,65185,109987,17.1392982807059,59.266095083964466,zubní lékařství,65
273,Mělník,18851,65185,109987,17.1392982807059,59.266095083964466,všeobecné praktické lékařství,65
274,Mělník,18851,65185,109987,17.1392982807059,59.266095083964466,kardiologie,9
275,Mělník,18851,65185,109987,17.1392982807059,59.266095083964466,chirurgie,11
276,Mělník,18851,65185,109987,17.1392982807059,59.266095083964466,praktické lékařství pro děti a dorost,21
277,Mělník,18851,65185,109987,17.1392982807059,59.266095083964466,ortopedie a traumatologie pohybového ústrojí,22
278,Mělník,18851,65185,109987,17.1392982807059,59.266095083964466,dětské lékařství,3
279,Nový Jičín,24508,89607,151398,16.18779640417971,59.18638291126699,všeobecné praktické lékařství,83
280,Nový Jičín,24508,89607,151398,16.18779640417971,59.18638291126699,zubní lékařství,72
281,Nový Jičín,24508,89607,151398,16.18779640417971,59.18638291126699,ortopedie a traumatologie pohybového ústrojí,15
282,Nový Jičín,24508,89607,151398,16.18779640417971,59.18638291126699,praktické lékařství pro děti a dorost,29
283,Nový Jičín,24508,89607,151398,16.18779640417971,59.18638291126699,kardiologie,9
284,Nový Jičín,24508,89607,151398,16.18779640417971,59.18638291126699,Optometrista,4
285,Nový Jičín,24508,89607,151398,16.18779640417971,59.18638291126699,chirurgie,21
286,Nový Jičín,24508,89607,151398,16.18779640417971,59.18638291126699,dětské lékařství,3
287,Nymburk,17908,59530,101698,17.608999193691126,58.536057739581906,ortopedie a traumatologie pohybového ústrojí,15
288,Nymburk,17908,59530,101698,17.608999193691126,58.536057739581906,všeobecné praktické lékařství,51
289,Nymburk,17908,59530,101698,17.608999193691126,58.536057739581906,zubní lékařství,84
290,Nymburk,17908,59530,101698,17.608999193691126,58.536057739581906,kardiologie,14
291,Nymburk,17908,59530,101698,17.608999193691126,58.536057739581906,Optometrista,10
292,Nymburk,17908,59530,101698,17.608999193691126,58.536057739581906,praktické lékařství pro děti a dorost,26
293,Nymburk,17908,59530,101698,17.608999193691126,58.536057739581906,chirurgie,15
294,Nymburk,17908,59530,101698,17.608999193691126,58.536057739581906,dětské lékařství,2
295,Náchod,16921,62761,109487,15.454802853306784,57.322787180213176,praktické lékařství pro děti a dorost,22
296,Náchod,16921,62761,109487,15.454802853306784,57.322787180213176,všeobecné praktické lékařství,67
297,Náchod,16921,62761,109487,15.454802853306784,57.322787180213176,Optometrista,6
298,Náchod,16921,62761,109487,15.454802853306784,57.322787180213176,zubní lékařství,58
299,Náchod,16921,62761,109487,15.454802853306784,57.322787180213176,kardiologie,6
300,Náchod,16921,62761,109487,15.454802853306784,57.322787180213176,ortopedie a traumatologie pohybového ústrojí,12
301,Náchod,16921,62761,109487,15.454802853306784,57.322787180213176,chirurgie,12
302,Náchod,16921,62761,109487,15.454802853306784,57.322787180213176,dětské lékařství,2
303,Olomouc,38916,138052,235441,16.528981783121885,58.63549679112814,všeobecné praktické lékařství,161
304,Olomouc,38916,138052,235441,16.528981783121885,58.63549679112814,zubní lékařství,175
305,Olomouc,38916,138052,235441,16.528981783121885,58.63549679112814,ortopedie a traumatologie pohybového ústrojí,31
306,Olomouc,38916,138052,235441,16.528981783121885,58.63549679112814,Optometrista,21
307,Olomouc,38916,138052,235441,16.528981783121885,58.63549679112814,praktické lékařství pro děti a dorost,67
308,Olomouc,38916,138052,235441,16.528981783121885,58.63549679112814,chirurgie,43
309,Olomouc,38916,138052,235441,16.528981783121885,58.63549679112814,dětské lékařství,14
310,Olomouc,38916,138052,235441,16.528981783121885,58.63549679112814,kardiologie,21
311,Opava,27912,104173,175777,15.879210590691613,59.26429510117933,všeobecné praktické lékařství,111
312,Opava,27912,104173,175777,15.879210590691613,59.26429510117933,chirurgie,17
313,Opava,27912,104173,175777,15.879210590691613,59.26429510117933,Optometrista,15
314,Opava,27912,104173,175777,15.879210590691613,59.26429510117933,ortopedie a traumatologie pohybového ústrojí,19
315,Opava,27912,104173,175777,15.879210590691613,59.26429510117933,praktické lékařství pro děti a dorost,32
316,Opava,27912,104173,175777,15.879210590691613,59.26429510117933,zubní lékařství,80
317,Opava,27912,104173,175777,15.879210590691613,59.26429510117933,kardiologie,11
318,Opava,27912,104173,175777,15.879210590691613,59.26429510117933,dětské lékařství,7
319,Ostrava-město,48273,189362,317322,15.212623139902053,59.67503041074996,zubní lékařství,222
320,Ostrava-město,48273,189362,317322,15.212623139902053,59.67503041074996,Optometrista,27
321,Ostrava-město,48273,189362,317322,15.212623139902053,59.67503041074996,praktické lékařství pro děti a dorost,63
322,Ostrava-město,48273,189362,317322,15.212623139902053,59.67503041074996,všeobecné praktické lékařství,198
323,Ostrava-město,48273,189362,317322,15.212623139902053,59.67503041074996,kardiologie,45
324,Ostrava-město,48273,189362,317322,15.212623139902053,59.67503041074996,chirurgie,45
325,Ostrava-město,48273,189362,317322,15.212623139902053,59.67503041074996,ortopedie a traumatologie pohybového ústrojí,41
326,Ostrava-město,48273,189362,317322,15.212623139902053,59.67503041074996,dětské lékařství,15
327,Pardubice,28419,104666,176137,16.134599771768563,59.42306272957981,zubní lékařství,93
328,Pardubice,28419,104666,176137,16.134599771768563,59.42306272957981,praktické lékařství pro děti a dorost,33
329,Pardubice,28419,104666,176137,16.134599771768563,59.42306272957981,všeobecné praktické lékařství,98
330,Pardubice,28419,104666,176137,16.134599771768563,59.42306272957981,Optometrista,13
331,Pardubice,28419,104666,176137,16.134599771768563,59.42306272957981,ortopedie a traumatologie pohybového ústrojí,20
332,Pardubice,28419,104666,176137,16.134599771768563,59.42306272957981,kardiologie,9
333,Pardubice,28419,104666,176137,16.134599771768563,59.42306272957981,chirurgie,29
334,Pardubice,28419,104666,176137,16.134599771768563,59.42306272957981,dětské lékařství,5
335,Pelhřimov,10664,42481,72298,14.750062242385681,58.758195247448064,všeobecné praktické lékařství,92
336,Pelhřimov,10664,42481,72298,14.750062242385681,58.758195247448064,zubní lékařství,35
337,Pelhřimov,10664,42481,72298,14.750062242385681,58.758195247448064,chirurgie,12
338,Pelhřimov,10664,42481,72298,14.750062242385681,58.758195247448064,Optometrista,10
339,Pelhřimov,10664,42481,72298,14.750062242385681,58.758195247448064,praktické lékařství pro děti a dorost,26
340,Pelhřimov,10664,42481,72298,14.750062242385681,58.758195247448064,dětské lékařství,6
341,Pelhřimov,10664,42481,72298,14.750062242385681,58.758195247448064,ortopedie a traumatologie pohybového ústrojí,8
342,Pelhřimov,10664,42481,72298,14.750062242385681,58.758195247448064,kardiologie,2
343,Plzeň-jih,9963,37575,63615,15.661400613062956,59.066257958028764,všeobecné praktické lékařství,41
344,Plzeň-jih,9963,37575,63615,15.661400613062956,59.066257958028764,praktické lékařství pro děti a dorost,17
345,Plzeň-jih,9963,37575,63615,15.661400613062956,59.066257958028764,zubní lékařství,24
346,Plzeň-jih,9963,37575,63615,15.661400613062956,59.066257958028764,kardiologie,3
347,Plzeň-jih,9963,37575,63615,15.661400613062956,59.066257958028764,chirurgie,6
348,Plzeň-jih,9963,37575,63615,15.661400613062956,59.066257958028764,ortopedie a traumatologie pohybového ústrojí,7
349,Plzeň-jih,9963,37575,63615,15.661400613062956,59.066257958028764,Optometrista,1
350,Plzeň-jih,9963,37575,63615,15.661400613062956,59.066257958028764,dětské lékařství,1
351,Plzeň-město,30268,115636,194840,15.53479778279614,59.34920960788339,chirurgie,39
352,Plzeň-město,30268,115636,194840,15.53479778279614,59.34920960788339,ortopedie a traumatologie pohybového ústrojí,44
353,Plzeň-město,30268,115636,194840,15.53479778279614,59.34920960788339,praktické lékařství pro děti a dorost,42
354,Plzeň-město,30268,115636,194840,15.53479778279614,59.34920960788339,zubní lékařství,170
355,Plzeň-město,30268,115636,194840,15.53479778279614,59.34920960788339,Optometrista,17
356,Plzeň-město,30268,115636,194840,15.53479778279614,59.34920960788339,všeobecné praktické lékařství,109
357,Plzeň-město,30268,115636,194840,15.53479778279614,59.34920960788339,dětské lékařství,9
358,Plzeň-město,30268,115636,194840,15.53479778279614,59.34920960788339,kardiologie,14
359,Plzeň-sever,13154,48160,80671,16.305735642300206,59.699272353138056,zubní lékařství,28
360,Plzeň-sever,13154,48160,80671,16.305735642300206,59.699272353138056,praktické lékařství pro děti a dorost,19
361,Plzeň-sever,13154,48160,80671,16.305735642300206,59.699272353138056,chirurgie,5
362,Plzeň-sever,13154,48160,80671,16.305735642300206,59.699272353138056,ortopedie a traumatologie pohybového ústrojí,4
363,Plzeň-sever,13154,48160,80671,16.305735642300206,59.699272353138056,kardiologie,3
364,Plzeň-sever,13154,48160,80671,16.305735642300206,59.699272353138056,všeobecné praktické lékařství,45
365,Plzeň-sever,13154,48160,80671,16.305735642300206,59.699272353138056,Optometrista,4
366,Plzeň-sever,13154,48160,80671,16.305735642300206,59.699272353138056,dětské lékařství,4
367,Prachatice,7916,30116,50779,15.58912148722897,59.30798164595601,praktické lékařství pro děti a dorost,13
368,Prachatice,7916,30116,50779,15.58912148722897,59.30798164595601,všeobecné praktické lékařství,37
369,Prachatice,7916,30116,50779,15.58912148722897,59.30798164595601,zubní lékařství,22
370,Prachatice,7916,30116,50779,15.58912148722897,59.30798164595601,chirurgie,5
371,Prachatice,7916,30116,50779,15.58912148722897,59.30798164595601,Optometrista,5
372,Prachatice,7916,30116,50779,15.58912148722897,59.30798164595601,kardiologie,2
373,Prachatice,7916,30116,50779,15.58912148722897,59.30798164595601,ortopedie a traumatologie pohybového ústrojí,5
374,Prachatice,7916,30116,50779,15.58912148722897,59.30798164595601,dětské lékařství,2
375,Praha-východ,40033,110625,188939,21.188320039801205,58.55064332932851,zubní lékařství,96
376,Praha-východ,40033,110625,188939,21.188320039801205,58.55064332932851,všeobecné praktické lékařství,76
377,Praha-východ,40033,110625,188939,21.188320039801205,58.55064332932851,Optometrista,10
378,Praha-východ,40033,110625,188939,21.188320039801205,58.55064332932851,dětské lékařství,2
379,Praha-východ,40033,110625,188939,21.188320039801205,58.55064332932851,kardiologie,12
380,Praha-východ,40033,110625,188939,21.188320039801205,58.55064332932851,praktické lékařství pro děti a dorost,30
381,Praha-východ,40033,110625,188939,21.188320039801205,58.55064332932851,ortopedie a traumatologie pohybového ústrojí,13
382,Praha-východ,40033,110625,188939,21.188320039801205,58.55064332932851,chirurgie,11
383,Praha-západ,31887,88228,152285,20.93902879469416,57.93610664215123,všeobecné praktické lékařství,56
384,Praha-západ,31887,88228,152285,20.93902879469416,57.93610664215123,zubní lékařství,80
385,Praha-západ,31887,88228,152285,20.93902879469416,57.93610664215123,ortopedie a traumatologie pohybového ústrojí,28
386,Praha-západ,31887,88228,152285,20.93902879469416,57.93610664215123,Optometrista,5
387,Praha-západ,31887,88228,152285,20.93902879469416,57.93610664215123,kardiologie,7
388,Praha-západ,31887,88228,152285,20.93902879469416,57.93610664215123,praktické lékařství pro děti a dorost,27
389,Praha-západ,31887,88228,152285,20.93902879469416,57.93610664215123,chirurgie,5
390,Prostějov,17131,63391,108504,15.78835803288358,58.42273095922731,všeobecné praktické lékařství,78
391,Prostějov,17131,63391,108504,15.78835803288358,58.42273095922731,ortopedie a traumatologie pohybového ústrojí,22
392,Prostějov,17131,63391,108504,15.78835803288358,58.42273095922731,praktické lékařství pro děti a dorost,31
393,Prostějov,17131,63391,108504,15.78835803288358,58.42273095922731,zubní lékařství,68
394,Prostějov,17131,63391,108504,15.78835803288358,58.42273095922731,chirurgie,27
395,Prostějov,17131,63391,108504,15.78835803288358,58.42273095922731,Optometrista,9
396,Prostějov,17131,63391,108504,15.78835803288358,58.42273095922731,dětské lékařství,6
397,Prostějov,17131,63391,108504,15.78835803288358,58.42273095922731,kardiologie,4
398,Písek,10932,41309,71588,15.270715762418282,57.70380510700117,všeobecné praktické lékařství,49
399,Písek,10932,41309,71588,15.270715762418282,57.70380510700117,zubní lékařství,59
400,Písek,10932,41309,71588,15.270715762418282,57.70380510700117,Optometrista,7
401,Písek,10932,41309,71588,15.270715762418282,57.70380510700117,ortopedie a traumatologie pohybového ústrojí,13
402,Písek,10932,41309,71588,15.270715762418282,57.70380510700117,praktické lékařství pro děti a dorost,22
403,Písek,10932,41309,71588,15.270715762418282,57.70380510700117,chirurgie,5
404,Písek,10932,41309,71588,15.270715762418282,57.70380510700117,kardiologie,6
405,Písek,10932,41309,71588,15.270715762418282,57.70380510700117,dětské lékařství,1
406,Přerov,19281,76069,128901,14.957991016361394,59.01350648947642,zubní lékařství,65
407,Přerov,19281,76069,128901,14.957991016361394,59.01350648947642,Optometrista,16
408,Přerov,19281,76069,128901,14.957991016361394,59.01350648947642,ortopedie a traumatologie pohybového ústrojí,12
409,Přerov,19281,76069,128901,14.957991016361394,59.01350648947642,všeobecné praktické lékařství,83
410,Přerov,19281,76069,128901,14.957991016361394,59.01350648947642,kardiologie,11
411,Přerov,19281,76069,128901,14.957991016361394,59.01350648947642,dětské lékařství,7
412,Přerov,19281,76069,128901,14.957991016361394,59.01350648947642,praktické lékařství pro děti a dorost,29
413,Přerov,19281,76069,128901,14.957991016361394,59.01350648947642,chirurgie,13
414,Příbram,18173,67583,115236,15.770245409420665,58.64747127633726,zubní lékařství,86
415,Příbram,18173,67583,115236,15.770245409420665,58.64747127633726,ortopedie a traumatologie pohybového ústrojí,27
416,Příbram,18173,67583,115236,15.770245409420665,58.64747127633726,chirurgie,19
417,Příbram,18173,67583,115236,15.770245409420665,58.64747127633726,všeobecné praktické lékařství,68
418,Příbram,18173,67583,115236,15.770245409420665,58.64747127633726,Optometrista,8
419,Příbram,18173,67583,115236,15.770245409420665,58.64747127633726,praktické lékařství pro děti a dorost,31
420,Příbram,18173,67583,115236,15.770245409420665,58.64747127633726,kardiologie,7
421,Příbram,18173,67583,115236,15.770245409420665,58.64747127633726,dětské lékařství,2
422,Rakovník,8853,32512,55737,15.883524409279293,58.33109065791127,všeobecné praktické lékařství,37
423,Rakovník,8853,32512,55737,15.883524409279293,58.33109065791127,praktické lékařství pro děti a dorost,10
424,Rakovník,8853,32512,55737,15.883524409279293,58.33109065791127,Optometrista,7
425,Rakovník,8853,32512,55737,15.883524409279293,58.33109065791127,zubní lékařství,48
426,Rakovník,8853,32512,55737,15.883524409279293,58.33109065791127,kardiologie,4
427,Rakovník,8853,32512,55737,15.883524409279293,58.33109065791127,chirurgie,10
428,Rakovník,8853,32512,55737,15.883524409279293,58.33109065791127,ortopedie a traumatologie pohybového ústrojí,4
429,Rakovník,8853,32512,55737,15.883524409279293,58.33109065791127,dětské lékařství,1
430,Rokycany,7742,29308,49489,15.64388045828366,59.22124108387723,zubní lékařství,23
431,Rokycany,7742,29308,49489,15.64388045828366,59.22124108387723,všeobecné praktické lékařství,32
432,Rokycany,7742,29308,49489,15.64388045828366,59.22124108387723,praktické lékařství pro děti a dorost,14
433,Rokycany,7742,29308,49489,15.64388045828366,59.22124108387723,chirurgie,5
434,Rokycany,7742,29308,49489,15.64388045828366,59.22124108387723,Optometrista,2
435,Rokycany,7742,29308,49489,15.64388045828366,59.22124108387723,ortopedie a traumatologie pohybového ústrojí,4
436,Rokycany,7742,29308,49489,15.64388045828366,59.22124108387723,kardiologie,2
437,Rokycany,7742,29308,49489,15.64388045828366,59.22124108387723,dětské lékařství,1
438,Rychnov nad Kněžnou,12672,46126,79333,15.973176357883856,58.1422611019374,praktické lékařství pro děti a dorost,21
439,Rychnov nad Kněžnou,12672,46126,79333,15.973176357883856,58.1422611019374,zubní lékařství,31
440,Rychnov nad Kněžnou,12672,46126,79333,15.973176357883856,58.1422611019374,všeobecné praktické lékařství,44
441,Rychnov nad Kněžnou,12672,46126,79333,15.973176357883856,58.1422611019374,chirurgie,9
442,Rychnov nad Kněžnou,12672,46126,79333,15.973176357883856,58.1422611019374,ortopedie a traumatologie pohybového ústrojí,10
443,Rychnov nad Kněžnou,12672,46126,79333,15.973176357883856,58.1422611019374,Optometrista,5
444,Rychnov nad Kněžnou,12672,46126,79333,15.973176357883856,58.1422611019374,kardiologie,3
445,Rychnov nad Kněžnou,12672,46126,79333,15.973176357883856,58.1422611019374,dětské lékařství,2
446,Semily,11521,42538,73815,15.607938765833504,57.6278534173271,všeobecné praktické lékařství,50
447,Semily,11521,42538,73815,15.607938765833504,57.6278534173271,praktické lékařství pro děti a dorost,21
448,Semily,11521,42538,73815,15.607938765833504,57.6278534173271,zubní lékařství,37
449,Semily,11521,42538,73815,15.607938765833504,57.6278534173271,ortopedie a traumatologie pohybového ústrojí,15
450,Semily,11521,42538,73815,15.607938765833504,57.6278534173271,chirurgie,17
451,Semily,11521,42538,73815,15.607938765833504,57.6278534173271,Optometrista,1
452,Semily,11521,42538,73815,15.607938765833504,57.6278534173271,kardiologie,5
453,Semily,11521,42538,73815,15.607938765833504,57.6278534173271,dětské lékařství,3
454,Sokolov,13761,52401,87503,15.726317954812977,59.88480394957887,ortopedie a traumatologie pohybového ústrojí,14
455,Sokolov,13761,52401,87503,15.726317954812977,59.88480394957887,chirurgie,14
456,Sokolov,13761,52401,87503,15.726317954812977,59.88480394957887,zubní lékařství,28
457,Sokolov,13761,52401,87503,15.726317954812977,59.88480394957887,Optometrista,7
458,Sokolov,13761,52401,87503,15.726317954812977,59.88480394957887,všeobecné praktické lékařství,46
459,Sokolov,13761,52401,87503,15.726317954812977,59.88480394957887,praktické lékařství pro děti a dorost,20
460,Sokolov,13761,52401,87503,15.726317954812977,59.88480394957887,dětské lékařství,3
461,Sokolov,13761,52401,87503,15.726317954812977,59.88480394957887,kardiologie,2
462,Strakonice,11062,41111,70532,15.68366131684909,58.287018658197695,ortopedie a traumatologie pohybového ústrojí,5
463,Strakonice,11062,41111,70532,15.68366131684909,58.287018658197695,všeobecné praktické lékařství,45
464,Strakonice,11062,41111,70532,15.68366131684909,58.287018658197695,zubní lékařství,39
465,Strakonice,11062,41111,70532,15.68366131684909,58.287018658197695,kardiologie,2
466,Strakonice,11062,41111,70532,15.68366131684909,58.287018658197695,chirurgie,8
467,Strakonice,11062,41111,70532,15.68366131684909,58.287018658197695,Optometrista,9
468,Strakonice,11062,41111,70532,15.68366131684909,58.287018658197695,praktické lékařství pro děti a dorost,14
469,Strakonice,11062,41111,70532,15.68366131684909,58.287018658197695,dětské lékařství,3
470,Svitavy,16422,60975,104000,15.790384615384614,58.629807692307686,praktické lékařství pro děti a dorost,35
471,Svitavy,16422,60975,104000,15.790384615384614,58.629807692307686,všeobecné praktické lékařství,67
472,Svitavy,16422,60975,104000,15.790384615384614,58.629807692307686,zubní lékařství,38
473,Svitavy,16422,60975,104000,15.790384615384614,58.629807692307686,ortopedie a traumatologie pohybového ústrojí,11
474,Svitavy,16422,60975,104000,15.790384615384614,58.629807692307686,Optometrista,7
475,Svitavy,16422,60975,104000,15.790384615384614,58.629807692307686,kardiologie,5
476,Svitavy,16422,60975,104000,15.790384615384614,58.629807692307686,chirurgie,15
477,Svitavy,16422,60975,104000,15.790384615384614,58.629807692307686,dětské lékařství,7
478,Tachov,8541,33500,54389,15.70354299582636,61.59333688797367,všeobecné praktické lékařství,32
479,Tachov,8541,33500,54389,15.70354299582636,61.59333688797367,Optometrista,4
480,Tachov,8541,33500,54389,15.70354299582636,61.59333688797367,kardiologie,2
481,Tachov,8541,33500,54389,15.70354299582636,61.59333688797367,zubní lékařství,23
482,Tachov,8541,33500,54389,15.70354299582636,61.59333688797367,ortopedie a traumatologie pohybového ústrojí,4
483,Tachov,8541,33500,54389,15.70354299582636,61.59333688797367,chirurgie,6
484,Tachov,8541,33500,54389,15.70354299582636,61.59333688797367,praktické lékařství pro děti a dorost,12
485,Tachov,8541,33500,54389,15.70354299582636,61.59333688797367,dětské lékařství,1
486,Teplice,20317,76785,128830,15.770395094310333,59.60180082278972,všeobecné praktické lékařství,61
487,Teplice,20317,76785,128830,15.770395094310333,59.60180082278972,zubní lékařství,59
488,Teplice,20317,76785,128830,15.770395094310333,59.60180082278972,praktické lékařství pro děti a dorost,24
489,Teplice,20317,76785,128830,15.770395094310333,59.60180082278972,ortopedie a traumatologie pohybového ústrojí,19
490,Teplice,20317,76785,128830,15.770395094310333,59.60180082278972,Optometrista,10
491,Teplice,20317,76785,128830,15.770395094310333,59.60180082278972,chirurgie,15
492,Teplice,20317,76785,128830,15.770395094310333,59.60180082278972,kardiologie,5
493,Teplice,20317,76785,128830,15.770395094310333,59.60180082278972,dětské lékařství,3
494,Trutnov,17984,67875,117414,15.316742466826783,57.80826817926312,všeobecné praktické lékařství,71
495,Trutnov,17984,67875,117414,15.316742466826783,57.80826817926312,Optometrista,7
496,Trutnov,17984,67875,117414,15.316742466826783,57.80826817926312,chirurgie,29
497,Trutnov,17984,67875,117414,15.316742466826783,57.80826817926312,zubní lékařství,61
498,Trutnov,17984,67875,117414,15.316742466826783,57.80826817926312,praktické lékařství pro děti a dorost,35
499,Trutnov,17984,67875,117414,15.316742466826783,57.80826817926312,ortopedie a traumatologie pohybového ústrojí,16
500,Trutnov,17984,67875,117414,15.316742466826783,57.80826817926312,kardiologie,5
501,Trutnov,17984,67875,117414,15.316742466826783,57.80826817926312,dětské lékařství,7
502,Tábor,15907,59448,102451,15.526446789196788,58.025787937648246,zubní lékařství,93
503,Tábor,15907,59448,102451,15.526446789196788,58.025787937648246,Optometrista,13
504,Tábor,15907,59448,102451,15.526446789196788,58.025787937648246,všeobecné praktické lékařství,62
505,Tábor,15907,59448,102451,15.526446789196788,58.025787937648246,kardiologie,8
506,Tábor,15907,59448,102451,15.526446789196788,58.025787937648246,praktické lékařství pro děti a dorost,14
507,Tábor,15907,59448,102451,15.526446789196788,58.025787937648246,ortopedie a traumatologie pohybového ústrojí,13
508,Tábor,15907,59448,102451,15.526446789196788,58.025787937648246,chirurgie,12
509,Tábor,15907,59448,102451,15.526446789196788,58.025787937648246,dětské lékařství,11
510,Třebíč,16550,65364,110337,14.99950152713958,59.240327360722155,praktické lékařství pro děti a dorost,50
511,Třebíč,16550,65364,110337,14.99950152713958,59.240327360722155,všeobecné praktické lékařství,140
512,Třebíč,16550,65364,110337,14.99950152713958,59.240327360722155,zubní lékařství,55
513,Třebíč,16550,65364,110337,14.99950152713958,59.240327360722155,Optometrista,14
514,Třebíč,16550,65364,110337,14.99950152713958,59.240327360722155,ortopedie a traumatologie pohybového ústrojí,10
515,Třebíč,16550,65364,110337,14.99950152713958,59.240327360722155,kardiologie,6
516,Třebíč,16550,65364,110337,14.99950152713958,59.240327360722155,chirurgie,11
517,Třebíč,16550,65364,110337,14.99950152713958,59.240327360722155,dětské lékařství,7
518,Uherské Hradiště,21263,84074,141630,15.01306220433524,59.361717150321255,všeobecné praktické lékařství,104
519,Uherské Hradiště,21263,84074,141630,15.01306220433524,59.361717150321255,praktické lékařství pro děti a dorost,31
520,Uherské Hradiště,21263,84074,141630,15.01306220433524,59.361717150321255,zubní lékařství,109
521,Uherské Hradiště,21263,84074,141630,15.01306220433524,59.361717150321255,Optometrista,8
522,Uherské Hradiště,21263,84074,141630,15.01306220433524,59.361717150321255,ortopedie a traumatologie pohybového ústrojí,8
523,Uherské Hradiště,21263,84074,141630,15.01306220433524,59.361717150321255,chirurgie,15
524,Uherské Hradiště,21263,84074,141630,15.01306220433524,59.361717150321255,kardiologie,6
525,Uherské Hradiště,21263,84074,141630,15.01306220433524,59.361717150321255,dětské lékařství,5
526,Vsetín,22182,84370,142703,15.544172161762543,59.12279349418023,ortopedie a traumatologie pohybového ústrojí,22
527,Vsetín,22182,84370,142703,15.544172161762543,59.12279349418023,všeobecné praktické lékařství,92
528,Vsetín,22182,84370,142703,15.544172161762543,59.12279349418023,kardiologie,10
529,Vsetín,22182,84370,142703,15.544172161762543,59.12279349418023,praktické lékařství pro děti a dorost,38
530,Vsetín,22182,84370,142703,15.544172161762543,59.12279349418023,zubní lékařství,89
531,Vsetín,22182,84370,142703,15.544172161762543,59.12279349418023,Optometrista,7
532,Vsetín,22182,84370,142703,15.544172161762543,59.12279349418023,chirurgie,13
533,Vsetín,22182,84370,142703,15.544172161762543,59.12279349418023,dětské lékařství,4
534,Vyškov,15751,54871,92735,16.984957135924947,59.16967703671753,zubní lékařství,34
535,Vyškov,15751,54871,92735,16.984957135924947,59.16967703671753,ortopedie a traumatologie pohybového ústrojí,8
536,Vyškov,15751,54871,92735,16.984957135924947,59.16967703671753,všeobecné praktické lékařství,54
537,Vyškov,15751,54871,92735,16.984957135924947,59.16967703671753,praktické lékařství pro děti a dorost,19
538,Vyškov,15751,54871,92735,16.984957135924947,59.16967703671753,chirurgie,6
539,Vyškov,15751,54871,92735,16.984957135924947,59.16967703671753,Optometrista,11
540,Vyškov,15751,54871,92735,16.984957135924947,59.16967703671753,dětské lékařství,7
541,Vyškov,15751,54871,92735,16.984957135924947,59.16967703671753,kardiologie,1
542,Zlín,29213,112250,190960,15.297968160871386,58.781943862589024,zubní lékařství,147
543,Zlín,29213,112250,190960,15.297968160871386,58.781943862589024,všeobecné praktické lékařství,129
544,Zlín,29213,112250,190960,15.297968160871386,58.781943862589024,kardiologie,14
545,Zlín,29213,112250,190960,15.297968160871386,58.781943862589024,chirurgie,27
546,Zlín,29213,112250,190960,15.297968160871386,58.781943862589024,ortopedie a traumatologie pohybového ústrojí,21
547,Zlín,29213,112250,190960,15.297968160871386,58.781943862589024,praktické lékařství pro děti a dorost,30
548,Zlín,29213,112250,190960,15.297968160871386,58.781943862589024,Optometrista,13
549,Zlín,29213,112250,190960,15.297968160871386,58.781943862589024,dětské lékařství,31
550,Znojmo,18220,67795,114552,15.905440324044976,59.18272924086878,všeobecné praktické lékařství,92
551,Znojmo,18220,67795,114552,15.905440324044976,59.18272924086878,Optometrista,9
552,Znojmo,18220,67795,114552,15.905440324044976,59.18272924086878,zubní lékařství,63
553,Znojmo,18220,67795,114552,15.905440324044976,59.18272924086878,chirurgie,11
554,Znojmo,18220,67795,114552,15.905440324044976,59.18272924086878,ortopedie a traumatologie pohybového ústrojí,10
555,Znojmo,18220,67795,114552,15.905440324044976,59.18272924086878,kardiologie,5
556,Znojmo,18220,67795,114552,15.905440324044976,59.18272924086878,praktické lékařství pro děti a dorost,20
557,Znojmo,18220,67795,114552,15.905440324044976,59.18272924086878,dětské lékařství,7
558,Ústí nad Labem,19484,69006,118651,16.421269100134005,58.15880186429108,všeobecné praktické lékařství,63
559,Ústí nad Labem,19484,69006,118651,16.421269100134005,58.15880186429108,ortopedie a traumatologie pohybového ústrojí,31
560,Ústí nad Labem,19484,69006,118651,16.421269100134005,58.15880186429108,kardiologie,20
561,Ústí nad Labem,19484,69006,118651,16.421269100134005,58.15880186429108,zubní lékařství,62
562,Ústí nad Labem,19484,69006,118651,16.421269100134005,58.15880186429108,chirurgie,23
563,Ústí nad Labem,19484,69006,118651,16.421269100134005,58.15880186429108,Optometrista,8
564,Ústí nad Labem,19484,69006,118651,16.421269100134005,58.15880186429108,praktické lékařství pro děti a dorost,25
565,Ústí nad Labem,19484,69006,118651,16.421269100134005,58.15880186429108,dětské lékařství,9
566,Ústí nad Orlicí,22266,80468,138011,16.133496605343055,58.305497387889375,praktické lékařství pro děti a dorost,28
567,Ústí nad Orlicí,22266,80468,138011,16.133496605343055,58.305497387889375,všeobecné praktické lékařství,80
568,Ústí nad Orlicí,22266,80468,138011,16.133496605343055,58.305497387889375,zubní lékařství,54
569,Ústí nad Orlicí,22266,80468,138011,16.133496605343055,58.305497387889375,chirurgie,31
570,Ústí nad Orlicí,22266,80468,138011,16.133496605343055,58.305497387889375,ortopedie a traumatologie pohybového ústrojí,23
571,Ústí nad Orlicí,22266,80468,138011,16.133496605343055,58.305497387889375,kardiologie,4
572,Ústí nad Orlicí,22266,80468,138011,16.133496605343055,58.305497387889375,Optometrista,8
573,Ústí nad Orlicí,22266,80468,138011,16.133496605343055,58.305497387889375,dětské lékařství,3
574,Česká Lípa,16740,61203,102998,16.252742771704305,59.4215421658673,zubní lékařství,51
575,Česká Lípa,16740,61203,102998,16.252742771704305,59.4215421658673,Optometrista,3
576,Česká Lípa,16740,61203,102998,16.252742771704305,59.4215421658673,všeobecné praktické lékařství,49
577,Česká Lípa,16740,61203,102998,16.252742771704305,59.4215421658673,praktické lékařství pro děti a dorost,25
578,Česká Lípa,16740,61203,102998,16.252742771704305,59.4215421658673,chirurgie,12
579,Česká Lípa,16740,61203,102998,16.252742771704305,59.4215421658673,ortopedie a traumatologie pohybového ústrojí,9
580,Česká Lípa,16740,61203,102998,16.252742771704305,59.4215421658673,kardiologie,4
581,Česká Lípa,16740,61203,102998,16.252742771704305,59.4215421658673,dětské lékařství,3
582,České Budějovice,32988,116111,196602,16.779076509903255,59.05891089612517,všeobecné praktické lékařství,111
583,České Budějovice,32988,116111,196602,16.779076509903255,59.05891089612517,zubní lékařství,179
584,České Budějovice,32988,116111,196602,16.779076509903255,59.05891089612517,Optometrista,16
585,České Budějovice,32988,116111,196602,16.779076509903255,59.05891089612517,ortopedie a traumatologie pohybového ústrojí,19
586,České Budějovice,32988,116111,196602,16.779076509903255,59.05891089612517,chirurgie,28
587,České Budějovice,32988,116111,196602,16.779076509903255,59.05891089612517,praktické lékařství pro děti a dorost,40
588,České Budějovice,32988,116111,196602,16.779076509903255,59.05891089612517,kardiologie,10
589,České Budějovice,32988,116111,196602,16.779076509903255,59.05891089612517,dětské lékařství,24
590,Český Krumlov,10060,36540,61320,16.40574037834312,59.589041095890416,všeobecné praktické lékařství,41
591,Český Krumlov,10060,36540,61320,16.40574037834312,59.589041095890416,praktické lékařství pro děti a dorost,35
592,Český Krumlov,10060,36540,61320,16.40574037834312,59.589041095890416,Optometrista,6
593,Český Krumlov,10060,36540,61320,16.40574037834312,59.589041095890416,chirurgie,8
594,Český Krumlov,10060,36540,61320,16.40574037834312,59.589041095890416,zubní lékařství,37
595,Český Krumlov,10060,36540,61320,16.40574037834312,59.589041095890416,ortopedie a traumatologie pohybového ústrojí,3
596,Český Krumlov,10060,36540,61320,16.40574037834312,59.589041095890416,dětské lékařství,6
597,Český Krumlov,10060,36540,61320,16.40574037834312,59.589041095890416,kardiologie,2
598,Šumperk,18604,69672,119967,15.507597922762093,58.0759708919953,zubní lékařství,67
599,Šumperk,18604,69672,119967,15.507597922762093,58.0759708919953,všeobecné praktické lékařství,76
600,Šumperk,18604,69672,119967,15.507597922762093,58.0759708919953,Optometrista,7
601,Šumperk,18604,69672,119967,15.507597922762093,58.0759708919953,ortopedie a traumatologie pohybového ústrojí,16
602,Šumperk,18604,69672,119967,15.507597922762093,58.0759708919953,chirurgie,13
603,Šumperk,18604,69672,119967,15.507597922762093,58.0759708919953,kardiologie,6
604,Šumperk,18604,69672,119967,15.507597922762093,58.0759708919953,praktické lékařství pro děti a dorost,29
605,Šumperk,18604,69672,119967,15.507597922762093,58.0759708919953,dětské lékařství,5
606,Žďár nad Sázavou,18948,69408,117941,16.06565994861838,58.84976386498334,všeobecné praktické lékařství,133
607,Žďár nad Sázavou,18948,69408,117941,16.06565994861838,58.84976386498334,ortopedie a traumatologie pohybového ústrojí,16
608,Žďár nad Sázavou,18948,69408,117941,16.06565994861838,58.84976386498334,zubní lékařství,59
609,Žďár nad Sázavou,18948,69408,117941,16.06565994861838,58.84976386498334,praktické lékařství pro děti a dorost,68
610,Žďár nad Sázavou,18948,69408,117941,16.06565994861838,58.84976386498334,Optometrista,10
611,Žďár nad Sázavou,18948,69408,117941,16.06565994861838,58.84976386498334,chirurgie,10
612,Žďár nad Sázavou,18948,69408,117941,16.06565994861838,58.84976386498334,kardiologie,7
613,Žďár nad Sázavou,18948,69408,117941,16.06565994861838,58.84976386498334,dětské lékařství,12
